"User-ID","ISBN","Item-Rating"
"43694","BB16","3"
"43693","BB16","7"
"43692","BB16","4"
"43691","BB16","5"
"43690","BB16","2"
"43689","BB16","6"
"43688","BB16","2"
"43687","BB16","3"
"43686","BB16","4"
"43685","BB16","3"
"43684","BB15","6"
"43683","BB15","9"
"43682","BB15","5"
"43681","BB15","2"
"43680","BB15","4"
"43679","BB15","2"
"43678","BB45","3"
"43677","BB45","9"
"43676","BB45","5"
"43675","BB45","6"
"43674","BB45","2"
"43673","BB45","5"
"43672","BB45","4"
"43671","BB45","2"
"43670","BB45","3"
"43669","BB45","5"
"43668","BB45","9"
"43667","BB45","8"
"43666","BB45","7"
"43665","BB45","3"
"43664","BB45","1"
"43663","BB45","2"
"43662","BB44","6"
"43661","BB44","5"
"43660","BB44","4"
"43659","BB44","2"
"43658","BB44","3"
"43657","BB44","5"
"43656","BB44","9"
"43655","BB44","1"
"43654","BB44","3"
"43653","BB44","2"
"43652","BB44","6"
"43651","BB44","8"
"43650","BB44","5"
"43649","BB44","4"
"43648","BB44","7"
"43647","BB44","8"
"43646","BB44","5"
"43645","BB44","4"
"43644","BB44","5"
"43643","BB44","7"
"43642","BB19","8"
"43641","BB19","1"
"43640","BB19","8"
"43639","BB19","9"
"43638","BB19","6"
"43637","BB19","5"
"43636","BB19","1"
"43635","BB19","4"
"43634","BB18","2"
"43633","BB18","3"
"43632","BB18","5"
"43631","BB18","4"
"43630","BB18","6"
"43629","BB18","3"
"43628","BB18","8"
"43627","BB18","5"
"43626","BB18","7"
"43625","BB18","9"
"43624","BB18","4"
"43623","BB18","5"
"43622","BB31","1"
"43621","BB31","3"
"43620","BB31","2"
"43619","BB31","8"
"43618","BB31","7"
"43617","BB31","4"
"43616","BB31","6"
"43615","BB31","9"
"43614","BB31","5"
"43613","BB31","1"
"43612","BB31","2"
"43611","BB30","4"
"43610","BB30","5"
"43609","BB30","8"
"43608","BB30","3"
"43607","BB30","9"
"43606","BB12","7"
"43605","BB12","5"
"43604","BB12","7"
"43603","BB12","8"
"43602","BB12","5"
"43601","BB12","7"
"43600","BB12","8"
"43599","BB12","9"
"43598","BB12","7"
"43597","BB12","5"
"43596","BB12","5"
"43595","BB12","4"
"43594","BB12","5"
"43593","BB12","2"
"43592","BB12","5"
"43591","BB12","9"
"43590","BB11","5"
"43589","BB11","8"
"43588","BB11","7"
"43587","BB11","5"
"43586","BB11","1"
"43585","BB11","5"
"43584","BB11","3"
"43583","BB11","1"
"43582","BB11","2"
"43581","BB11","5"
"43580","BB11","4"
"43579","BB11","3"
"43578","BB11","9"
"43577","BB56","5"
"43576","BB56","8"
"43575","BB56","7"
"43574","BB56","4"
"43573","BB56","2"
"43572","BB56","5"
"43571","BB55","5"
"43570","BB55","4"
"43569","BB55","3"
"43568","BB55","9"
"43567","BB55","5"
"43566","BB55","1"
"43565","BB55","1"
"23721","BB60","1"
"23720","BB60","3"
"23719","BB60","2"
"23718","BB60","6"
"23717","BB60","8"
"23716","BB60","5"
"23715","BB60","4"
"23714","BB60","7"
"23713","BB60","8"
"23712","BB60","5"
"23711","BB60","4"
"23710","BB60","5"
"23709","BB60","7"
"23708","BB60","8"
"23707","BB60","1"
"23706","BB60","8"
"23705","BB60","9"
"23704","BB60","6"
"23703","BB60","5"
"23702","BB60","1"
"23701","BB60","4"
"23700","BB60","2"
"23699","BB60","3"
"23698","BB60","5"
"23697","BB60","4"
"23696","BB60","6"
"23695","BB60","3"
"23694","BB60","8"
"23693","BB60","5"
"23692","BB60","7"
"23691","BB59","9"
"23690","BB59","4"
"23689","BB59","5"
"23688","BB59","1"
"23687","BB59","3"
"23686","BB59","2"
"23685","BB59","8"
"23684","BB59","7"
"23683","BB59","4"
"23682","BB59","6"
"23681","BB59","9"
"23680","BB59","5"
"23679","BB59","1"
"23678","BB59","2"
"23677","BB59","4"
"23676","BB59","5"
"23675","BB59","8"
"23674","BB59","3"
"23673","BB59","9"
"23672","BB59","7"
"23671","BB59","5"
"23670","BB59","7"
"23669","BB59","8"
"23668","BB59","5"
"23667","BB59","7"
"23666","BB59","8"
"23665","BB59","9"
"23664","BB59","7"
"23663","BB59","5"
"23662","BB59","5"
"23661","BB58","4"
"23660","BB58","5"
"23659","BB58","2"
"23658","BB58","5"
"23657","BB58","9"
"23656","BB58","5"
"23655","BB58","8"
"23654","BB58","7"
"23653","BB58","5"
"23652","BB58","1"
"23651","BB58","5"
"23650","BB58","3"
"23649","BB58","1"
"23648","BB58","2"
"23647","BB58","5"
"23646","BB58","4"
"23645","BB58","3"
"23644","BB58","9"
"23643","BB58","5"
"23642","BB58","8"
"23641","BB58","7"
"23640","BB58","4"
"23639","BB58","2"
"23638","BB58","5"
"23637","BB58","5"
"23636","BB58","4"
"23635","BB58","3"
"23634","BB58","9"
"23633","BB58","5"
"23632","BB58","1"
"23631","BB57","1"
"23630","BB57","2"
"23629","BB57","5"
"23628","BB57","9"
"23627","BB57","7"
"23626","BB57","8"
"23625","BB57","5"
"23624","BB57","6"
"23623","BB57","3"
"23622","BB57","1"
"23621","BB57","2"
"23620","BB57","4"
"23619","BB57","5"
"23618","BB57","8"
"23617","BB57","1"
"23616","BB57","2"
"23615","BB57","6"
"23614","BB57","5"
"23613","BB57","3"
"23612","BB57","1"
"23611","BB57","7"
"23610","BB57","2"
"23609","BB57","7"
"23608","BB57","9"
"23607","BB57","5"
"23606","BB57","4"
"23605","BB57","3"
"23604","BB57","2"
"23603","BB57","6"
"23602","BB57","5"
"23601","BB56","9"
"23600","BB56","8"
"23599","BB56","7"
"23598","BB56","6"
"23597","BB56","5"
"23596","BB56","2"
"23595","BB56","1"
"23594","BB56","3"
"23593","BB56","2"
"23592","BB56","9"
"23591","BB56","8"
"23590","BB56","6"
"23589","BB56","5"
"23588","BB56","4"
"23587","BB56","2"
"23586","BB56","8"
"23585","BB56","5"
"23584","BB56","8"
"23583","BB56","7"
"23582","BB56","6"
"23581","BB56","7"
"23580","BB56","4"
"23579","BB56","6"
"23578","BB56","5"
"23577","BB56","6"
"23576","BB56","4"
"23575","BB56","5"
"23574","BB56","7"
"23573","BB56","9"
"23572","BB56","8"
"23571","BB55","5"
"23570","BB55","8"
"23569","BB55","7"
"23568","BB55","6"
"23567","BB55","7"
"23566","BB55","8"
"23565","BB55","9"
"23564","BB55","4"
"23563","BB55","3"
"23562","BB55","1"
"23561","BB55","5"
"23560","BB55","3"
"23559","BB55","5"
"23558","BB55","1"
"23557","BB55","2"
"23556","BB55","3"
"23555","BB55","7"
"23554","BB55","9"
"23553","BB55","4"
"23552","BB55","5"
"23551","BB55","5"
"23550","BB55","3"
"23549","BB55","6"
"23548","BB55","5"
"23547","BB55","2"
"23546","BB55","7"
"23545","BB55","9"
"23544","BB55","5"
"23543","BB55","7"
"23542","BB55","6"
"23541","BB54","8"
"23540","BB54","2"
"23539","BB54","5"
"23538","BB54","4"
"23537","BB54","2"
"23536","BB54","1"
"23535","BB54","2"
"23534","BB54","3"
"23533","BB54","6"
"23532","BB54","8"
"23531","BB54","4"
"23530","BB54","6"
"23529","BB54","5"
"23528","BB54","9"
"23527","BB54","5"
"23526","BB54","9"
"23525","BB54","8"
"23524","BB54","5"
"23523","BB54","1"
"23522","BB54","2"
"23521","BB54","3"
"23520","BB54","6"
"23519","BB54","5"
"23518","BB54","8"
"23517","BB54","5"
"23516","BB54","9"
"23515","BB54","7"
"23514","BB54","6"
"23513","BB54","2"
"23512","BB54","4"
"23511","BB53","6"
"23510","BB53","7"
"23509","BB53","9"
"23508","BB53","5"
"23507","BB53","8"
"23506","BB53","6"
"23505","BB53","4"
"23504","BB53","9"
"23503","BB53","3"
"23502","BB53","6"
"23501","BB53","9"
"23500","BB53","7"
"23499","BB53","5"
"23498","BB53","7"
"23497","BB53","9"
"23496","BB53","5"
"23495","BB53","4"
"23494","BB53","3"
"23493","BB53","2"
"23492","BB53","1"
"23491","BB53","9"
"23490","BB53","4"
"23489","BB53","6"
"23488","BB53","2"
"23487","BB53","8"
"23486","BB53","5"
"23485","BB53","7"
"23484","BB53","9"
"23483","BB53","8"
"23482","BB53","6"
"23481","BB52","4"
"23480","BB52","8"
"23479","BB52","2"
"23478","BB52","8"
"23477","BB52","4"
"23476","BB52","9"
"23475","BB52","6"
"23474","BB52","8"
"23473","BB52","1"
"23472","BB52","8"
"23471","BB52","2"
"23470","BB52","7"
"23469","BB52","5"
"23468","BB52","1"
"23467","BB52","3"
"23466","BB52","8"
"23465","BB52","1"
"23464","BB52","3"
"23463","BB52","7"
"23462","BB52","5"
"23461","BB52","8"
"23460","BB52","4"
"23459","BB52","2"
"23458","BB52","1"
"23457","BB52","3"
"23456","BB52","6"
"23455","BB52","5"
"23454","BB52","3"
"23453","BB52","4"
"23452","BB52","3"
"23451","BB51","2"
"23450","BB51","8"
"23449","BB51","9"
"23448","BB51","6"
"23447","BB51","4"
"23446","BB51","5"
"23445","BB51","7"
"23444","BB51","9"
"23443","BB51","6"
"23442","BB51","4"
"23441","BB51","2"
"23440","BB51","3"
"23439","BB51","5"
"23438","BB51","8"
"23437","BB51","7"
"23436","BB51","9"
"23435","BB51","1"
"23434","BB51","6"
"23433","BB51","8"
"23432","BB51","7"
"23431","BB51","6"
"23430","BB51","4"
"23429","BB51","9"
"23428","BB51","6"
"23427","BB51","8"
"23426","BB51","1"
"23425","BB51","9"
"23424","BB51","5"
"23423","BB51","1"
"23422","BB51","3"
"23421","BB50","4"
"23420","BB50","1"
"23419","BB50","3"
"23418","BB50","2"
"23417","BB50","6"
"23416","BB50","8"
"23415","BB50","5"
"23414","BB50","4"
"23413","BB50","7"
"23412","BB50","8"
"23411","BB50","5"
"23410","BB50","4"
"23409","BB50","5"
"23408","BB50","7"
"23407","BB50","8"
"23406","BB50","1"
"23405","BB50","8"
"23404","BB50","9"
"23403","BB50","6"
"23402","BB50","5"
"23401","BB50","1"
"23400","BB50","4"
"23399","BB50","2"
"23398","BB50","3"
"23397","BB50","5"
"23396","BB50","4"
"23395","BB50","6"
"23394","BB50","3"
"23393","BB50","8"
"23392","BB50","5"
"23391","BB49","7"
"23390","BB49","9"
"23389","BB49","4"
"23388","BB49","5"
"23387","BB49","1"
"23386","BB49","3"
"23385","BB49","2"
"23384","BB49","8"
"23383","BB49","7"
"23382","BB49","4"
"23381","BB49","6"
"23380","BB49","9"
"23379","BB49","5"
"23378","BB49","1"
"23377","BB49","2"
"23376","BB49","4"
"23375","BB49","5"
"23374","BB49","8"
"23373","BB49","3"
"23372","BB49","9"
"23371","BB49","7"
"23370","BB49","5"
"23369","BB49","7"
"23368","BB49","8"
"23367","BB49","5"
"23366","BB49","7"
"23365","BB49","8"
"23364","BB49","9"
"23363","BB49","7"
"23362","BB49","5"
"23361","BB48","5"
"23360","BB48","4"
"23359","BB48","5"
"23358","BB48","2"
"23357","BB48","5"
"23356","BB48","9"
"23355","BB48","5"
"23354","BB48","8"
"23353","BB48","7"
"23352","BB48","5"
"23351","BB48","1"
"23350","BB48","5"
"23349","BB48","3"
"23348","BB48","1"
"23347","BB48","2"
"23346","BB48","5"
"23345","BB48","4"
"23344","BB48","3"
"23343","BB48","9"
"23342","BB48","5"
"23341","BB48","8"
"23340","BB48","7"
"23339","BB48","4"
"23338","BB48","2"
"23337","BB48","5"
"23336","BB48","5"
"23335","BB48","4"
"23334","BB48","3"
"23333","BB48","9"
"23332","BB48","5"
"23331","BB47","1"
"23330","BB47","1"
"23329","BB47","2"
"23328","BB47","5"
"23327","BB47","9"
"23326","BB47","7"
"23325","BB47","8"
"23324","BB47","5"
"23323","BB47","6"
"23322","BB47","3"
"23321","BB47","1"
"23320","BB47","2"
"23319","BB47","4"
"23318","BB47","5"
"23317","BB47","8"
"23316","BB47","1"
"23315","BB47","2"
"23314","BB47","6"
"23313","BB47","5"
"23312","BB47","3"
"23311","BB47","1"
"23310","BB47","7"
"23309","BB47","2"
"23308","BB47","7"
"23307","BB47","9"
"23306","BB47","5"
"23305","BB47","4"
"23304","BB47","3"
"23303","BB47","2"
"23302","BB47","6"
"23301","BB46","5"
"23300","BB46","9"
"23299","BB46","8"
"23298","BB46","7"
"23297","BB46","6"
"23296","BB46","5"
"23295","BB46","2"
"23294","BB46","1"
"23293","BB46","3"
"23292","BB46","2"
"23291","BB46","9"
"23290","BB46","8"
"23289","BB46","6"
"23288","BB46","5"
"23287","BB46","4"
"23286","BB46","2"
"23285","BB46","8"
"23284","BB46","5"
"23283","BB46","8"
"23282","BB46","7"
"23281","BB46","6"
"23280","BB46","7"
"23279","BB46","4"
"23278","BB46","6"
"23277","BB46","5"
"23276","BB46","6"
"23275","BB46","4"
"23274","BB46","5"
"23273","BB46","7"
"23272","BB46","9"
"23271","BB45","8"
"23270","BB45","5"
"23269","BB45","8"
"23268","BB45","7"
"23267","BB45","6"
"23266","BB45","7"
"23265","BB45","8"
"23264","BB45","9"
"23263","BB45","4"
"23262","BB45","3"
"23261","BB45","1"
"23260","BB45","5"
"23259","BB45","3"
"23258","BB45","5"
"23257","BB45","1"
"23256","BB45","2"
"23255","BB45","3"
"23254","BB45","7"
"23253","BB45","9"
"23252","BB45","4"
"23251","BB45","5"
"23250","BB45","5"
"23249","BB45","3"
"23248","BB45","6"
"23247","BB45","5"
"23246","BB45","2"
"23245","BB45","7"
"23244","BB45","9"
"23243","BB45","5"
"23242","BB45","7"
"23241","BB44","6"
"23240","BB44","8"
"23239","BB44","2"
"23238","BB44","5"
"23237","BB44","4"
"23236","BB44","2"
"23235","BB44","1"
"23234","BB44","2"
"23233","BB44","3"
"23232","BB44","6"
"23231","BB44","8"
"23230","BB44","4"
"23229","BB44","6"
"23228","BB44","5"
"23227","BB44","9"
"23226","BB44","5"
"23225","BB44","9"
"23224","BB44","8"
"23223","BB44","5"
"23222","BB44","1"
"23221","BB44","4"
"23220","BB44","1"
"23219","BB44","3"
"23218","BB44","2"
"23217","BB44","6"
"23216","BB44","8"
"23215","BB44","5"
"23214","BB44","4"
"23213","BB44","7"
"23212","BB44","8"
"23211","BB43","5"
"23210","BB43","4"
"23209","BB43","5"
"23208","BB43","7"
"23207","BB43","8"
"23206","BB43","1"
"23205","BB43","8"
"23204","BB43","9"
"23203","BB43","6"
"23202","BB43","5"
"23201","BB43","1"
"23200","BB43","4"
"23199","BB43","2"
"23198","BB43","3"
"23197","BB43","5"
"23196","BB43","4"
"23195","BB43","6"
"23194","BB43","3"
"23193","BB43","8"
"23192","BB43","5"
"23191","BB43","7"
"23190","BB43","9"
"23189","BB43","4"
"23188","BB43","5"
"23187","BB43","1"
"23186","BB43","3"
"23185","BB43","2"
"23184","BB43","8"
"23183","BB43","7"
"23182","BB43","4"
"23181","BB42","6"
"23180","BB42","9"
"23179","BB42","5"
"23178","BB42","1"
"23177","BB42","2"
"23176","BB42","4"
"23175","BB42","5"
"23174","BB42","8"
"23173","BB42","3"
"23172","BB42","9"
"23171","BB42","7"
"23170","BB42","5"
"23169","BB42","7"
"23168","BB42","8"
"23167","BB42","5"
"23166","BB42","7"
"23165","BB42","8"
"23164","BB42","9"
"23163","BB42","7"
"23162","BB42","5"
"23161","BB42","5"
"23160","BB42","4"
"23159","BB42","5"
"23158","BB42","2"
"23157","BB42","5"
"23156","BB42","9"
"23155","BB42","5"
"23154","BB42","8"
"23153","BB42","7"
"23152","BB42","5"
"23151","BB41","1"
"23150","BB41","5"
"23149","BB41","3"
"23148","BB41","1"
"23147","BB41","2"
"23146","BB41","5"
"23145","BB41","4"
"23144","BB41","3"
"23143","BB41","9"
"23142","BB41","5"
"23141","BB41","8"
"23140","BB41","7"
"23139","BB41","4"
"23138","BB41","2"
"23137","BB41","5"
"23136","BB41","5"
"23135","BB41","4"
"23134","BB41","3"
"23133","BB41","9"
"23132","BB41","5"
"23131","BB41","1"
"23130","BB41","1"
"23129","BB41","2"
"23128","BB41","5"
"23127","BB41","9"
"23126","BB41","7"
"23125","BB41","8"
"23124","BB41","5"
"23123","BB41","6"
"23122","BB41","3"
"23121","BB40","1"
"23120","BB40","2"
"23119","BB40","4"
"23118","BB40","5"
"23117","BB40","8"
"23116","BB40","1"
"23115","BB40","2"
"23114","BB40","6"
"23113","BB40","5"
"23112","BB40","3"
"23111","BB40","1"
"23110","BB40","7"
"23109","BB40","2"
"23108","BB40","7"
"23107","BB40","9"
"23106","BB40","5"
"23105","BB40","4"
"23104","BB40","3"
"23103","BB40","2"
"23102","BB40","6"
"23101","BB40","5"
"23100","BB40","9"
"23099","BB40","8"
"23098","BB40","7"
"23097","BB40","6"
"23096","BB40","5"
"23095","BB40","2"
"23094","BB40","1"
"23093","BB40","3"
"23092","BB40","2"
"23091","BB39","9"
"23090","BB39","8"
"23089","BB39","6"
"23088","BB39","5"
"23087","BB39","4"
"23086","BB39","2"
"23085","BB39","8"
"23084","BB39","5"
"23083","BB39","8"
"23082","BB39","7"
"23081","BB39","6"
"23080","BB39","7"
"23079","BB39","4"
"23078","BB39","6"
"23077","BB39","5"
"23076","BB39","6"
"23075","BB39","4"
"23074","BB39","5"
"23073","BB39","7"
"23072","BB39","9"
"23071","BB39","8"
"23070","BB39","5"
"23069","BB39","8"
"23068","BB39","7"
"23067","BB39","6"
"23066","BB39","7"
"23065","BB39","8"
"23064","BB39","9"
"23063","BB39","4"
"23062","BB39","3"
"23061","BB38","1"
"23060","BB38","5"
"23059","BB38","3"
"23058","BB38","5"
"23057","BB38","1"
"23056","BB38","2"
"23055","BB38","3"
"23054","BB38","7"
"23053","BB38","9"
"23052","BB38","4"
"23051","BB38","5"
"23050","BB38","5"
"23049","BB38","3"
"23048","BB38","6"
"23047","BB38","5"
"23046","BB38","2"
"23045","BB38","7"
"23044","BB38","9"
"23043","BB38","5"
"23042","BB38","7"
"23041","BB38","6"
"23040","BB38","8"
"23039","BB38","2"
"23038","BB38","5"
"23037","BB38","4"
"23036","BB38","2"
"23035","BB38","1"
"23034","BB38","2"
"23033","BB38","3"
"23032","BB38","6"
"23031","BB37","8"
"23030","BB37","4"
"23029","BB37","6"
"23028","BB37","5"
"23027","BB37","9"
"23026","BB37","5"
"23025","BB37","9"
"23024","BB37","8"
"23023","BB37","5"
"23022","BB37","1"
"23021","BB37","2"
"23020","BB37","3"
"23019","BB37","6"
"23018","BB37","5"
"23017","BB37","8"
"23016","BB37","5"
"23015","BB37","9"
"23014","BB37","7"
"23013","BB37","6"
"23012","BB37","2"
"23011","BB37","4"
"23010","BB37","6"
"23009","BB37","7"
"23008","BB37","9"
"23007","BB37","5"
"23006","BB37","8"
"23005","BB37","6"
"23004","BB37","4"
"23003","BB37","9"
"23002","BB37","3"
"23001","BB36","6"
"23000","BB36","9"
"22999","BB36","7"
"22998","BB36","5"
"22997","BB36","7"
"22996","BB36","9"
"22995","BB36","5"
"22994","BB36","4"
"22993","BB36","3"
"22992","BB36","2"
"22991","BB36","1"
"22990","BB36","9"
"22989","BB36","4"
"22988","BB36","6"
"22987","BB36","2"
"22986","BB36","8"
"22985","BB36","5"
"22984","BB36","7"
"22983","BB36","9"
"22982","BB36","8"
"22981","BB36","6"
"22980","BB36","4"
"22979","BB36","8"
"22978","BB36","2"
"22977","BB36","8"
"22976","BB36","4"
"22975","BB36","9"
"22974","BB36","6"
"22973","BB36","8"
"22972","BB36","1"
"22971","BB35","8"
"22970","BB35","2"
"22969","BB35","7"
"22968","BB35","5"
"22967","BB35","1"
"22966","BB35","3"
"22965","BB35","8"
"22964","BB35","1"
"22963","BB35","3"
"22962","BB35","7"
"22961","BB35","5"
"22960","BB35","8"
"22959","BB35","4"
"22958","BB35","2"
"22957","BB35","1"
"22956","BB35","3"
"22955","BB35","6"
"22954","BB35","5"
"22953","BB35","3"
"22952","BB35","4"
"22951","BB35","3"
"22950","BB35","2"
"22949","BB35","8"
"22948","BB35","9"
"22947","BB35","6"
"22946","BB35","4"
"22945","BB35","5"
"22944","BB35","7"
"22943","BB35","9"
"22942","BB35","6"
"22941","BB34","4"
"22940","BB34","2"
"22939","BB34","3"
"22938","BB34","5"
"22937","BB34","8"
"22936","BB34","7"
"22935","BB34","9"
"22934","BB34","1"
"22933","BB34","6"
"22932","BB34","8"
"22931","BB34","7"
"22930","BB34","6"
"22929","BB34","4"
"22928","BB34","9"
"22927","BB34","6"
"22926","BB34","8"
"22925","BB34","1"
"22924","BB34","9"
"22923","BB34","5"
"22922","BB34","1"
"22921","BB34","3"
"22920","BB34","4"
"22919","BB34","1"
"22918","BB34","3"
"22917","BB34","2"
"22916","BB34","6"
"22915","BB34","8"
"22914","BB34","5"
"22913","BB34","4"
"22912","BB34","7"
"22911","BB33","8"
"22910","BB33","5"
"22909","BB33","4"
"22908","BB33","5"
"22907","BB33","7"
"22906","BB33","8"
"22905","BB33","1"
"22904","BB33","8"
"22903","BB33","9"
"22902","BB33","6"
"22901","BB33","5"
"22900","BB33","1"
"22899","BB33","4"
"22898","BB33","2"
"22897","BB33","3"
"22896","BB33","5"
"22895","BB33","4"
"22894","BB33","6"
"22893","BB33","3"
"22892","BB33","8"
"22891","BB33","5"
"22890","BB33","7"
"22889","BB33","9"
"22888","BB33","4"
"22887","BB33","5"
"22886","BB33","1"
"22885","BB33","3"
"22884","BB33","2"
"22883","BB33","8"
"22882","BB33","7"
"22881","BB32","4"
"22880","BB32","6"
"22879","BB32","9"
"22878","BB32","5"
"22877","BB32","1"
"22876","BB32","2"
"22875","BB32","4"
"22874","BB32","5"
"22873","BB32","8"
"22872","BB32","3"
"22871","BB32","9"
"22870","BB32","7"
"22869","BB32","5"
"22868","BB32","7"
"22867","BB32","8"
"22866","BB32","5"
"22865","BB32","7"
"22864","BB32","8"
"22863","BB32","9"
"22862","BB32","7"
"22861","BB32","5"
"22860","BB32","5"
"22859","BB32","4"
"22858","BB32","5"
"22857","BB32","2"
"22856","BB32","5"
"22855","BB32","9"
"22854","BB32","5"
"22853","BB32","8"
"22852","BB32","7"
"22851","BB31","5"
"22850","BB31","1"
"22849","BB31","5"
"22848","BB31","3"
"22847","BB31","1"
"22846","BB31","2"
"22845","BB31","5"
"22844","BB31","4"
"22843","BB31","3"
"22842","BB31","9"
"22841","BB31","5"
"22840","BB31","8"
"22839","BB31","7"
"22838","BB31","4"
"22837","BB31","2"
"22836","BB31","5"
"22835","BB31","5"
"22834","BB31","4"
"22833","BB31","3"
"22832","BB31","9"
"22831","BB31","5"
"22830","BB31","1"
"22829","BB31","1"
"22828","BB31","2"
"22827","BB31","5"
"22826","BB31","9"
"22825","BB31","7"
"22824","BB31","8"
"22823","BB31","5"
"22822","BB31","6"
"22821","BB30","3"
"22820","BB30","1"
"22819","BB30","2"
"22818","BB30","4"
"22817","BB30","5"
"22816","BB30","8"
"22815","BB30","1"
"22814","BB30","2"
"22813","BB30","6"
"22812","BB30","5"
"22811","BB30","3"
"22810","BB30","1"
"22809","BB30","7"
"22808","BB30","2"
"22807","BB30","7"
"22806","BB30","9"
"22805","BB30","5"
"22804","BB30","4"
"22803","BB30","3"
"22802","BB30","2"
"22801","BB30","6"
"22800","BB30","5"
"22799","BB30","9"
"22798","BB30","8"
"22797","BB30","7"
"22796","BB30","6"
"22795","BB30","5"
"22794","BB30","2"
"22793","BB30","1"
"22792","BB30","3"
"22791","BB29","2"
"22790","BB29","9"
"22789","BB29","8"
"22788","BB29","6"
"22787","BB29","5"
"22786","BB29","4"
"22785","BB29","2"
"22784","BB29","8"
"22783","BB29","5"
"22782","BB29","8"
"22781","BB29","7"
"22780","BB29","6"
"22779","BB29","7"
"22778","BB29","4"
"22777","BB29","6"
"22776","BB29","5"
"22775","BB29","6"
"22774","BB29","4"
"22773","BB29","5"
"22772","BB29","7"
"22771","BB29","9"
"22770","BB29","8"
"22769","BB29","5"
"22768","BB29","8"
"22767","BB29","7"
"22766","BB29","6"
"22765","BB29","7"
"22764","BB29","8"
"22763","BB29","9"
"22762","BB29","4"
"22761","BB28","3"
"22760","BB28","1"
"22759","BB28","5"
"22758","BB28","3"
"22757","BB28","5"
"22756","BB28","1"
"22755","BB28","2"
"22754","BB28","3"
"22753","BB28","7"
"22752","BB28","9"
"22751","BB28","4"
"22750","BB28","5"
"22749","BB28","5"
"22748","BB28","3"
"22747","BB28","6"
"22746","BB28","5"
"22745","BB28","2"
"22744","BB28","7"
"22743","BB28","9"
"22742","BB28","5"
"22741","BB28","7"
"22740","BB28","6"
"22739","BB28","8"
"22738","BB28","2"
"22737","BB28","5"
"22736","BB28","4"
"22735","BB28","2"
"22734","BB28","1"
"22733","BB28","2"
"22732","BB28","3"
"22731","BB27","6"
"22730","BB27","8"
"22729","BB27","4"
"22728","BB27","6"
"22727","BB27","5"
"22726","BB27","9"
"22725","BB27","5"
"22724","BB27","9"
"22723","BB27","8"
"22722","BB27","5"
"22721","BB27","1"
"22720","BB27","4"
"22719","BB27","3"
"22718","BB27","6"
"22717","BB27","5"
"22716","BB27","8"
"22715","BB27","5"
"22714","BB27","9"
"22713","BB27","7"
"22712","BB27","6"
"22711","BB27","2"
"22710","BB27","4"
"22709","BB27","6"
"22708","BB27","7"
"22707","BB27","9"
"22706","BB27","5"
"22705","BB27","8"
"22704","BB27","6"
"22703","BB27","4"
"22702","BB27","9"
"22701","BB26","3"
"22700","BB26","6"
"22699","BB26","9"
"22698","BB26","7"
"22697","BB26","5"
"22696","BB26","7"
"22695","BB26","9"
"22694","BB26","5"
"22693","BB26","4"
"22692","BB26","3"
"22691","BB26","2"
"22690","BB26","1"
"22689","BB26","9"
"22688","BB26","4"
"22687","BB26","6"
"22686","BB26","2"
"22685","BB26","8"
"22684","BB26","5"
"22683","BB26","7"
"22682","BB26","9"
"22681","BB26","8"
"22680","BB26","6"
"22679","BB26","4"
"22678","BB26","8"
"22677","BB26","2"
"22676","BB26","8"
"22675","BB26","4"
"22674","BB26","9"
"22673","BB26","6"
"22672","BB26","8"
"22671","BB25","1"
"22670","BB25","8"
"22669","BB25","2"
"22668","BB25","7"
"22667","BB25","5"
"22666","BB25","1"
"22665","BB25","3"
"22664","BB25","8"
"22663","BB25","1"
"22662","BB25","3"
"22661","BB25","7"
"22660","BB25","5"
"22659","BB25","8"
"22658","BB25","4"
"22657","BB25","2"
"22656","BB25","1"
"22655","BB25","3"
"22654","BB25","6"
"22653","BB25","5"
"22652","BB25","3"
"22651","BB25","4"
"22650","BB25","3"
"22649","BB25","2"
"22648","BB25","8"
"22647","BB25","9"
"22646","BB25","6"
"22645","BB25","4"
"22644","BB25","5"
"22643","BB25","7"
"22642","BB25","9"
"22641","BB24","6"
"22640","BB24","4"
"22639","BB24","2"
"22638","BB24","3"
"22637","BB24","5"
"22636","BB24","8"
"22635","BB24","7"
"22634","BB24","9"
"22633","BB24","1"
"22632","BB24","6"
"22631","BB24","8"
"22630","BB24","7"
"22629","BB24","6"
"22628","BB24","4"
"22627","BB24","9"
"22626","BB24","6"
"22625","BB24","8"
"22624","BB24","1"
"22623","BB24","9"
"22622","BB24","5"
"22621","BB24","1"
"22620","BB24","3"
"22619","BB24","7"
"22618","BB24","8"
"22617","BB24","4"
"22616","BB24","6"
"22615","BB24","2"
"22614","BB24","4"
"22613","BB24","8"
"22612","BB24","9"
"22611","BB23","5"
"22610","BB23","3"
"22609","BB23","7"
"22608","BB23","6"
"22607","BB23","1"
"22606","BB23","9"
"22605","BB23","7"
"22604","BB23","6"
"22603","BB23","4"
"22602","BB23","9"
"22601","BB23","8"
"22600","BB23","2"
"22599","BB23","9"
"22598","BB23","4"
"22597","BB23","5"
"22596","BB23","1"
"22595","BB23","6"
"22594","BB23","4"
"22593","BB23","9"
"22592","BB23","8"
"22591","BB23","2"
"22590","BB23","1"
"22589","BB23","5"
"22588","BB23","5"
"22587","BB23","3"
"22586","BB23","1"
"22585","BB23","9"
"22584","BB23","6"
"22583","BB23","7"
"22582","BB23","4"
"22581","BB22","8"
"22580","BB22","9"
"22579","BB22","1"
"22578","BB22","5"
"22577","BB22","6"
"22576","BB22","5"
"22575","BB22","2"
"22574","BB22","9"
"22573","BB22","1"
"22572","BB22","7"
"22571","BB22","4"
"22570","BB22","1"
"22569","BB22","3"
"22568","BB22","2"
"22567","BB22","6"
"22566","BB22","8"
"22565","BB22","5"
"22564","BB22","4"
"22563","BB22","7"
"22562","BB22","8"
"22561","BB22","5"
"22560","BB22","4"
"22559","BB22","5"
"22558","BB22","7"
"22557","BB22","8"
"22556","BB22","1"
"22555","BB22","8"
"22554","BB22","9"
"22553","BB22","6"
"22552","BB22","5"
"22551","BB21","1"
"22550","BB21","4"
"22549","BB21","2"
"22548","BB21","3"
"22547","BB21","5"
"22546","BB21","4"
"22545","BB21","6"
"22544","BB21","3"
"22543","BB21","8"
"22542","BB21","5"
"22541","BB21","7"
"22540","BB21","9"
"22539","BB21","4"
"22538","BB21","5"
"22537","BB21","1"
"22536","BB21","3"
"22535","BB21","2"
"22534","BB21","8"
"22533","BB21","7"
"22532","BB21","4"
"22531","BB21","6"
"22530","BB21","9"
"22529","BB21","5"
"22528","BB21","1"
"22527","BB21","2"
"22526","BB21","4"
"22525","BB21","5"
"22524","BB21","8"
"22523","BB21","3"
"22522","BB21","9"
"22521","BB20","7"
"22520","BB20","5"
"22519","BB20","7"
"22518","BB20","8"
"22517","BB20","5"
"22516","BB20","7"
"22515","BB20","8"
"22514","BB20","9"
"22513","BB20","7"
"22512","BB20","5"
"22511","BB20","5"
"22510","BB20","4"
"22509","BB20","5"
"22508","BB20","2"
"22507","BB20","5"
"22506","BB20","9"
"22505","BB20","5"
"22504","BB20","8"
"22503","BB20","7"
"22502","BB20","5"
"22501","BB20","1"
"22500","BB20","5"
"22499","BB20","3"
"22498","BB20","1"
"22497","BB20","2"
"22496","BB20","5"
"22495","BB20","4"
"22494","BB20","3"
"22493","BB20","9"
"22492","BB20","5"
"22491","BB19","8"
"22490","BB19","7"
"22489","BB19","4"
"22488","BB19","2"
"22487","BB19","5"
"22486","BB19","5"
"22485","BB19","4"
"22484","BB19","3"
"22483","BB19","9"
"22482","BB19","5"
"22481","BB19","1"
"22480","BB19","1"
"22479","BB19","2"
"22478","BB19","5"
"22477","BB19","9"
"22476","BB19","7"
"22475","BB19","8"
"22474","BB19","5"
"22473","BB19","6"
"22472","BB19","3"
"22471","BB19","1"
"22470","BB19","2"
"22469","BB19","4"
"22468","BB19","5"
"22467","BB19","8"
"22466","BB19","1"
"22465","BB19","2"
"22464","BB19","6"
"22463","BB19","5"
"22462","BB19","3"
"22461","BB18","1"
"22460","BB18","7"
"22459","BB18","2"
"22458","BB18","7"
"22457","BB18","9"
"22456","BB18","5"
"22455","BB18","4"
"22454","BB18","3"
"22453","BB18","2"
"22452","BB18","6"
"22451","BB18","5"
"22450","BB18","9"
"22449","BB18","8"
"22448","BB18","7"
"22447","BB18","6"
"22446","BB18","5"
"22445","BB18","2"
"22444","BB18","1"
"22443","BB18","3"
"22442","BB18","2"
"22441","BB18","9"
"22440","BB18","8"
"22439","BB18","6"
"22438","BB18","5"
"22437","BB18","4"
"22436","BB18","2"
"22435","BB18","8"
"22434","BB18","5"
"22433","BB18","8"
"22432","BB18","7"
"22431","BB17","6"
"22430","BB17","7"
"22429","BB17","4"
"22428","BB17","6"
"22427","BB17","5"
"22426","BB17","6"
"22425","BB17","4"
"22424","BB17","5"
"22423","BB17","7"
"22422","BB17","9"
"22421","BB17","8"
"22420","BB17","5"
"22419","BB17","8"
"22418","BB17","7"
"22417","BB17","6"
"22416","BB17","7"
"22415","BB17","8"
"22414","BB17","9"
"22413","BB17","4"
"22412","BB17","3"
"22411","BB17","1"
"22410","BB17","5"
"22409","BB17","3"
"22408","BB17","5"
"22407","BB17","1"
"22406","BB17","2"
"22405","BB17","3"
"22404","BB17","7"
"22403","BB17","9"
"22402","BB17","4"
"22401","BB16","5"
"22400","BB16","5"
"22399","BB16","3"
"22398","BB16","6"
"22397","BB16","5"
"22396","BB16","2"
"22395","BB16","7"
"22394","BB16","9"
"22393","BB16","5"
"22392","BB16","7"
"22391","BB16","6"
"22390","BB16","8"
"22389","BB16","2"
"22388","BB16","5"
"22387","BB16","4"
"22386","BB16","2"
"22385","BB16","1"
"22384","BB16","2"
"22383","BB16","3"
"22382","BB16","6"
"22381","BB16","8"
"22380","BB16","4"
"22379","BB16","6"
"22378","BB16","5"
"22377","BB16","9"
"22376","BB16","5"
"22375","BB16","9"
"22374","BB16","8"
"22373","BB16","5"
"22372","BB16","1"
"22371","BB15","2"
"22370","BB15","3"
"22369","BB15","6"
"22368","BB15","5"
"22367","BB15","8"
"22366","BB15","5"
"22365","BB15","9"
"22364","BB15","7"
"22363","BB15","6"
"22362","BB15","2"
"22361","BB15","4"
"22360","BB15","6"
"22359","BB15","7"
"22358","BB15","9"
"22357","BB15","5"
"22356","BB15","8"
"22355","BB15","6"
"22354","BB15","4"
"22353","BB15","9"
"22352","BB15","3"
"22351","BB15","6"
"22350","BB15","9"
"22349","BB15","7"
"22348","BB15","5"
"22347","BB15","7"
"22346","BB15","9"
"22345","BB15","5"
"22344","BB15","4"
"22343","BB15","3"
"22342","BB15","2"
"22341","BB14","1"
"22340","BB14","9"
"22339","BB14","4"
"22338","BB14","6"
"22337","BB14","2"
"22336","BB14","8"
"22335","BB14","5"
"22334","BB14","7"
"22333","BB14","9"
"22332","BB14","8"
"22331","BB14","6"
"22330","BB14","4"
"22329","BB14","8"
"22328","BB14","2"
"22327","BB14","8"
"22326","BB14","4"
"22325","BB14","9"
"22324","BB14","6"
"22323","BB14","8"
"22322","BB14","1"
"22321","BB14","8"
"22320","BB14","2"
"22319","BB14","7"
"22318","BB14","5"
"22317","BB14","1"
"22316","BB14","3"
"22315","BB14","8"
"22314","BB14","1"
"22313","BB14","3"
"22312","BB14","7"
"22311","BB13","5"
"22310","BB13","8"
"22309","BB13","4"
"22308","BB13","2"
"22307","BB13","1"
"22306","BB13","3"
"22305","BB13","6"
"22304","BB13","5"
"22303","BB13","3"
"22302","BB13","4"
"22301","BB13","3"
"22300","BB13","2"
"22299","BB13","8"
"22298","BB13","9"
"22297","BB13","6"
"22296","BB13","4"
"22295","BB13","5"
"22294","BB13","7"
"22293","BB13","9"
"22292","BB13","6"
"22291","BB13","4"
"22290","BB13","2"
"22289","BB13","3"
"22288","BB13","5"
"22287","BB13","8"
"22286","BB13","7"
"22285","BB13","9"
"22284","BB13","1"
"22283","BB13","6"
"22282","BB13","8"
"22281","BB12","7"
"22280","BB12","6"
"22279","BB12","4"
"22278","BB12","9"
"22277","BB12","6"
"22276","BB12","8"
"22275","BB12","1"
"22274","BB12","9"
"22273","BB12","5"
"22272","BB12","1"
"22271","BB12","3"
"22270","BB12","7"
"22269","BB12","8"
"22268","BB12","4"
"22267","BB12","6"
"22266","BB12","2"
"22265","BB12","4"
"22264","BB12","8"
"22263","BB12","9"
"22262","BB12","5"
"22261","BB12","3"
"22260","BB12","7"
"22259","BB12","6"
"22258","BB12","1"
"22257","BB12","9"
"22256","BB12","7"
"22255","BB12","6"
"22254","BB12","4"
"22253","BB12","9"
"22252","BB12","8"
"22251","BB11","2"
"22250","BB11","9"
"22249","BB11","4"
"22248","BB11","5"
"22247","BB11","1"
"22246","BB11","6"
"22245","BB11","4"
"22244","BB11","9"
"22243","BB11","8"
"22242","BB11","2"
"22241","BB11","1"
"22240","BB11","5"
"22239","BB11","5"
"22238","BB11","3"
"22237","BB11","1"
"22236","BB11","9"
"22235","BB11","6"
"22234","BB11","7"
"22233","BB11","4"
"22232","BB11","8"
"22231","BB11","9"
"22230","BB11","1"
"22229","BB11","5"
"22228","BB11","6"
"22227","BB11","5"
"22226","BB11","2"
"22225","BB11","9"
"22224","BB11","1"
"22223","BB11","7"
"22222","BB11","4"
"11238","AA758","4"
"11238","AA759","2"
"11238","AA760","1"
"11238","AA761","3"
"11238","AA762","6"
"11238","AA763","5"
"11238","AA764","8"
"11238","AA765","7"
"11238","AA766","9"
"11238","AA767","5"
"11238","AA768","2"
"11237","AA758","7"
"11237","AA759","2"
"11237","AA760","7"
"11237","AA761","1"
"11237","AA762","3"
"11237","AA763","5"
"11237","AA764","6"
"11237","AA765","2"
"11237","AA766","1"
"11237","AA767","8"
"11237","AA768","5"
"11236","AA746","6"
"11236","AA747","7"
"11236","AA748","8"
"11236","AA749","9"
"11236","AA750","5"
"11236","AA751","6"
"11236","AA752","2"
"11236","AA753","3"
"11236","AA754","4"
"11236","AA755","5"
"11236","AA756","9"
"11235","AA746","2"
"11235","AA747","4"
"11235","AA748","5"
"11235","AA749","6"
"11235","AA750","8"
"11235","AA751","9"
"11235","AA752","2"
"11235","AA753","3"
"11235","AA754","1"
"11235","AA755","2"
"11235","AA756","5"
"11234","AA734","4"
"11234","AA735","6"
"11234","AA736","5"
"11234","AA737","6"
"11234","AA738","4"
"11234","AA739","7"
"11234","AA740","6"
"11234","AA741","7"
"11234","AA742","8"
"11234","AA743","5"
"11234","AA744","8"
"11233","AA734","9"
"11233","AA735","8"
"11233","AA736","7"
"11233","AA737","6"
"11233","AA738","7"
"11233","AA739","8"
"11233","AA740","5"
"11233","AA741","8"
"11233","AA742","9"
"11233","AA743","7"
"11233","AA744","5"
"11232","AA722","9"
"11232","AA723","7"
"11232","AA724","3"
"11232","AA725","2"
"11232","AA726","1"
"11232","AA727","5"
"11232","AA728","3"
"11232","AA729","5"
"11232","AA730","1"
"11232","AA731","3"
"11232","AA732","4"
"11231","AA722","7"
"11231","AA723","5"
"11231","AA724","9"
"11231","AA725","7"
"11231","AA726","2"
"11231","AA727","5"
"11231","AA728","6"
"11231","AA729","3"
"11231","AA730","5"
"11231","AA731","5"
"11231","AA732","4"
"11230","AA710","8"
"11230","AA711","6"
"11230","AA712","3"
"11230","AA713","2"
"11230","AA714","1"
"11230","AA715","2"
"11230","AA716","4"
"11230","AA717","5"
"11230","AA718","2"
"11230","AA719","8"
"11230","AA720","6"
"11229","AA710","3"
"11229","AA711","4"
"11229","AA712","1"
"11229","AA713","5"
"11229","AA714","8"
"11229","AA715","9"
"11229","AA716","5"
"11229","AA717","9"
"11229","AA718","5"
"11229","AA719","6"
"11229","AA720","4"
"11228","AA698","7"
"11228","AA699","6"
"11228","AA700","4"
"11228","AA701","2"
"11228","AA702","6"
"11228","AA703","7"
"11228","AA704","9"
"11228","AA705","5"
"11228","AA706","8"
"11228","AA707","5"
"11228","AA708","6"
"11227","AA698","5"
"11227","AA699","7"
"11227","AA700","9"
"11227","AA701","6"
"11227","AA702","3"
"11227","AA703","9"
"11227","AA704","4"
"11227","AA705","6"
"11227","AA706","8"
"11227","AA707","5"
"11227","AA708","9"
"11226","AA686","2"
"11226","AA687","6"
"11226","AA688","4"
"11226","AA689","9"
"11226","AA690","1"
"11226","AA691","2"
"11226","AA692","3"
"11226","AA693","4"
"11226","AA694","5"
"11226","AA695","9"
"11226","AA696","7"
"11225","AA686","4"
"11225","AA687","8"
"11225","AA688","2"
"11225","AA689","8"
"11225","AA690","4"
"11225","AA691","6"
"11225","AA692","8"
"11225","AA693","9"
"11225","AA694","7"
"11225","AA695","5"
"11225","AA696","8"
"11224","AA674","8"
"11224","AA675","3"
"11224","AA676","1"
"11224","AA677","5"
"11224","AA678","7"
"11224","AA679","2"
"11224","AA680","8"
"11224","AA681","1"
"11224","AA682","8"
"11224","AA683","6"
"11224","AA684","9"
"11223","AA674","5"
"11223","AA675","6"
"11223","AA676","3"
"11223","AA677","1"
"11223","AA678","2"
"11223","AA679","4"
"11223","AA680","8"
"11223","AA681","5"
"11223","AA682","7"
"11223","AA683","3"
"11223","AA684","1"
"11222","AA662","9"
"11222","AA663","7"
"11222","AA664","5"
"11222","AA665","4"
"11222","AA666","6"
"11222","AA667","9"
"11222","AA668","8"
"11222","AA669","2"
"11222","AA670","3"
"11222","AA671","4"
"11222","AA672","3"
"11221","AA662","8"
"11221","AA663","6"
"11221","AA664","1"
"11221","AA665","9"
"11221","AA666","7"
"11221","AA667","8"
"11221","AA668","5"
"11221","AA669","3"
"11221","AA670","2"
"11221","AA671","4"
"11221","AA672","6"
"11220","AA650","3"
"11220","AA651","1"
"11220","AA652","5"
"11220","AA653","9"
"11220","AA654","1"
"11220","AA655","8"
"11220","AA656","6"
"11220","AA657","9"
"11220","AA658","4"
"11220","AA659","6"
"11220","AA660","7"
"11219","AA650","7"
"11219","AA651","3"
"11219","AA652","5"
"11219","AA653","9"
"11219","AA654","8"
"11219","AA655","4"
"11219","AA656","2"
"11219","AA657","6"
"11219","AA658","4"
"11219","AA659","8"
"11219","AA660","7"
"11218","AA638","4"
"11218","AA639","9"
"11218","AA640","2"
"11218","AA641","8"
"11218","AA642","9"
"11218","AA643","4"
"11218","AA644","6"
"11218","AA645","7"
"11218","AA646","9"
"11218","AA647","1"
"11218","AA648","6"
"11217","AA638","3"
"11217","AA639","5"
"11217","AA640","5"
"11217","AA641","1"
"11217","AA642","2"
"11217","AA643","8"
"11217","AA644","9"
"11217","AA645","4"
"11217","AA646","6"
"11217","AA647","1"
"11217","AA648","5"
"11216","AA626","5"
"11216","AA627","6"
"11216","AA628","5"
"11216","AA629","1"
"11216","AA630","9"
"11216","AA631","8"
"11216","AA632","4"
"11216","AA633","7"
"11216","AA634","6"
"11216","AA635","9"
"11216","AA636","1"
"11215","AA626","5"
"11215","AA627","8"
"11215","AA628","6"
"11215","AA629","2"
"11215","AA630","3"
"11215","AA631","1"
"11215","AA632","4"
"11215","AA633","7"
"11215","AA634","1"
"11215","AA635","9"
"11215","AA636","2"
"11214","AA614","9"
"11214","AA615","8"
"11214","AA616","1"
"11214","AA617","8"
"11214","AA618","7"
"11214","AA619","5"
"11214","AA620","4"
"11214","AA621","5"
"11214","AA622","8"
"11214","AA623","7"
"11214","AA624","4"
"11213","AA614","8"
"11213","AA615","3"
"11213","AA616","6"
"11213","AA617","4"
"11213","AA618","5"
"11213","AA619","3"
"11213","AA620","2"
"11213","AA621","4"
"11213","AA622","1"
"11213","AA623","5"
"11213","AA624","6"
"11212","AA602","4"
"11212","AA603","7"
"11212","AA604","8"
"11212","AA605","2"
"11212","AA606","3"
"11212","AA607","1"
"11212","AA608","5"
"11212","AA609","4"
"11212","AA610","9"
"11212","AA611","7"
"11212","AA612","5"
"11211","AA602","7"
"11211","AA603","9"
"11211","AA604","3"
"11211","AA605","8"
"11211","AA606","5"
"11211","AA607","4"
"11211","AA608","2"
"11211","AA609","1"
"11211","AA610","5"
"11211","AA611","9"
"11211","AA612","6"
"11210","AA590","4"
"11210","AA591","5"
"11210","AA592","5"
"11210","AA593","7"
"11210","AA594","9"
"11210","AA595","8"
"11210","AA596","7"
"11210","AA597","5"
"11210","AA598","8"
"11210","AA599","7"
"11210","AA600","5"
"11209","AA590","3"
"11209","AA591","5"
"11209","AA592","1"
"11209","AA593","5"
"11209","AA594","7"
"11209","AA595","8"
"11209","AA596","5"
"11209","AA597","9"
"11209","AA598","5"
"11209","AA599","2"
"11209","AA600","5"
"11208","AA578","2"
"11208","AA579","4"
"11208","AA580","7"
"11208","AA581","8"
"11208","AA582","5"
"11208","AA583","9"
"11208","AA584","3"
"11208","AA585","4"
"11208","AA586","5"
"11208","AA587","2"
"11208","AA588","1"
"11207","AA578","9"
"11207","AA579","5"
"11207","AA580","2"
"11207","AA581","1"
"11207","AA582","1"
"11207","AA583","5"
"11207","AA584","9"
"11207","AA585","3"
"11207","AA586","4"
"11207","AA587","5"
"11207","AA588","5"
"11206","AA566","1"
"11206","AA567","8"
"11206","AA568","5"
"11206","AA569","4"
"11206","AA570","2"
"11206","AA571","1"
"11206","AA572","3"
"11206","AA573","6"
"11206","AA574","5"
"11206","AA575","8"
"11206","AA576","7"
"11205","AA566","4"
"11205","AA567","5"
"11205","AA568","9"
"11205","AA569","7"
"11205","AA570","2"
"11205","AA571","7"
"11205","AA572","1"
"11205","AA573","3"
"11205","AA574","5"
"11205","AA575","6"
"11205","AA576","2"
"11204","AA554","1"
"11204","AA555","2"
"11204","AA556","5"
"11204","AA557","6"
"11204","AA558","7"
"11204","AA559","8"
"11204","AA560","9"
"11204","AA561","5"
"11204","AA562","6"
"11204","AA563","2"
"11204","AA564","3"
"11203","AA554","8"
"11203","AA555","5"
"11203","AA556","8"
"11203","AA557","2"
"11203","AA558","4"
"11203","AA559","5"
"11203","AA560","6"
"11203","AA561","8"
"11203","AA562","9"
"11203","AA563","2"
"11203","AA564","3"
"11202","AA542","9"
"11202","AA543","7"
"11202","AA544","5"
"11202","AA545","4"
"11202","AA546","6"
"11202","AA547","5"
"11202","AA548","6"
"11202","AA549","4"
"11202","AA550","7"
"11202","AA551","6"
"11202","AA552","7"
"11201","AA542","1"
"11201","AA543","3"
"11201","AA544","4"
"11201","AA545","9"
"11201","AA546","8"
"11201","AA547","7"
"11201","AA548","6"
"11201","AA549","7"
"11201","AA550","8"
"11201","AA551","5"
"11201","AA552","8"
"11200","AA530","5"
"11200","AA531","5"
"11200","AA532","4"
"11200","AA533","9"
"11200","AA534","7"
"11200","AA535","3"
"11200","AA536","2"
"11200","AA537","1"
"11200","AA538","5"
"11200","AA539","3"
"11200","AA540","5"
"11199","AA530","2"
"11199","AA531","8"
"11199","AA532","6"
"11199","AA533","7"
"11199","AA534","5"
"11199","AA535","9"
"11199","AA536","7"
"11199","AA537","2"
"11199","AA538","5"
"11199","AA539","6"
"11199","AA540","3"
"11198","AA518","5"
"11198","AA519","6"
"11198","AA520","4"
"11198","AA521","8"
"11198","AA522","6"
"11198","AA523","3"
"11198","AA524","2"
"11198","AA525","1"
"11198","AA526","2"
"11198","AA527","4"
"11198","AA528","5"
"11197","AA518","8"
"11197","AA519","5"
"11197","AA520","6"
"11197","AA521","3"
"11197","AA522","2"
"11197","AA523","1"
"11197","AA524","5"
"11197","AA525","8"
"11197","AA526","9"
"11197","AA527","5"
"11197","AA528","9"
"11196","AA506","8"
"11196","AA507","5"
"11196","AA508","9"
"11196","AA509","7"
"11196","AA510","6"
"11196","AA511","4"
"11196","AA512","2"
"11196","AA513","6"
"11196","AA514","7"
"11196","AA515","9"
"11196","AA516","5"
"11195","AA506","5"
"11195","AA507","9"
"11195","AA508","7"
"11195","AA509","5"
"11195","AA510","7"
"11195","AA511","9"
"11195","AA512","6"
"11195","AA513","3"
"11195","AA514","9"
"11195","AA515","4"
"11195","AA516","6"
"11194","AA494","7"
"11194","AA495","5"
"11194","AA496","8"
"11194","AA497","2"
"11194","AA498","6"
"11194","AA499","4"
"11194","AA500","9"
"11194","AA501","1"
"11194","AA502","2"
"11194","AA503","3"
"11194","AA504","4"
"11193","AA494","8"
"11193","AA495","6"
"11193","AA496","9"
"11193","AA497","4"
"11193","AA498","8"
"11193","AA499","2"
"11193","AA500","8"
"11193","AA501","4"
"11193","AA502","6"
"11193","AA503","8"
"11193","AA504","9"
"11192","AA482","4"
"11192","AA483","5"
"11192","AA484","8"
"11192","AA485","7"
"11192","AA486","4"
"11192","AA487","5"
"11192","AA488","8"
"11192","AA489","6"
"11192","AA490","2"
"11192","AA491","8"
"11192","AA492","1"
"11191","AA482","2"
"11191","AA483","4"
"11191","AA484","1"
"11191","AA485","5"
"11191","AA486","6"
"11191","AA487","9"
"11191","AA488","8"
"11191","AA489","1"
"11191","AA490","8"
"11191","AA491","7"
"11191","AA492","5"
"11190","AA470","5"
"11190","AA471","4"
"11190","AA472","9"
"11190","AA473","7"
"11190","AA474","5"
"11190","AA475","8"
"11190","AA476","3"
"11190","AA477","6"
"11190","AA478","4"
"11190","AA479","5"
"11190","AA480","3"
"11189","AA470","2"
"11189","AA471","1"
"11189","AA472","5"
"11189","AA473","9"
"11189","AA474","6"
"11189","AA475","4"
"11189","AA476","7"
"11189","AA477","8"
"11189","AA478","2"
"11189","AA479","3"
"11189","AA480","1"
"11188","AA458","7"
"11188","AA459","5"
"11188","AA460","8"
"11188","AA461","7"
"11188","AA462","5"
"11188","AA463","7"
"11188","AA464","9"
"11188","AA465","3"
"11188","AA466","8"
"11188","AA467","5"
"11188","AA468","4"
"11187","AA458","5"
"11187","AA459","9"
"11187","AA460","5"
"11187","AA461","2"
"11187","AA462","5"
"11187","AA463","4"
"11187","AA464","5"
"11187","AA465","5"
"11187","AA466","7"
"11187","AA467","9"
"11187","AA468","8"
"11186","AA446","3"
"11186","AA447","4"
"11186","AA448","5"
"11186","AA449","2"
"11186","AA450","1"
"11186","AA451","3"
"11186","AA452","5"
"11186","AA453","1"
"11186","AA454","5"
"11186","AA455","7"
"11186","AA456","8"
"11185","AA446","9"
"11185","AA447","3"
"11185","AA448","4"
"11185","AA449","5"
"11185","AA450","5"
"11185","AA451","2"
"11185","AA452","4"
"11185","AA453","7"
"11185","AA454","8"
"11185","AA455","5"
"11185","AA456","9"
"11184","AA434","3"
"11184","AA435","6"
"11184","AA436","5"
"11184","AA437","8"
"11184","AA438","7"
"11184","AA439","9"
"11184","AA440","5"
"11184","AA441","2"
"11184","AA442","1"
"11184","AA443","1"
"11184","AA444","5"
"11183","AA434","1"
"11183","AA435","5"
"11183","AA436","6"
"11183","AA437","9"
"11183","AA438","8"
"11183","AA439","1"
"11183","AA440","8"
"11183","AA441","2"
"11183","AA442","4"
"11183","AA443","2"
"11183","AA444","1"
"11182","AA422","9"
"11182","AA423","7"
"11182","AA424","5"
"11182","AA425","8"
"11182","AA426","3"
"11182","AA427","6"
"11182","AA428","4"
"11182","AA429","5"
"11182","AA430","3"
"11182","AA431","2"
"11182","AA432","4"
"11181","AA422","5"
"11181","AA423","9"
"11181","AA424","6"
"11181","AA425","4"
"11181","AA426","7"
"11181","AA427","8"
"11181","AA428","2"
"11181","AA429","3"
"11181","AA430","1"
"11181","AA431","5"
"11181","AA432","4"
"11180","AA410","8"
"11180","AA411","7"
"11180","AA412","5"
"11180","AA413","7"
"11180","AA414","9"
"11180","AA415","3"
"11180","AA416","8"
"11180","AA417","5"
"11180","AA418","4"
"11180","AA419","2"
"11180","AA420","1"
"11179","AA410","5"
"11179","AA411","2"
"11179","AA412","5"
"11179","AA413","4"
"11179","AA414","5"
"11179","AA415","5"
"11179","AA416","7"
"11179","AA417","9"
"11179","AA418","8"
"11179","AA419","7"
"11179","AA420","5"
"11178","AA398","5"
"11178","AA399","2"
"11178","AA400","1"
"11178","AA401","3"
"11178","AA402","5"
"11178","AA403","1"
"11178","AA404","5"
"11178","AA405","7"
"11178","AA406","8"
"11178","AA407","5"
"11178","AA408","9"
"11177","AA398","4"
"11177","AA399","5"
"11177","AA400","5"
"11177","AA401","2"
"11177","AA402","4"
"11177","AA403","7"
"11177","AA404","8"
"11177","AA405","5"
"11177","AA406","9"
"11177","AA407","3"
"11177","AA408","4"
"11176","AA386","5"
"11176","AA387","8"
"11176","AA388","7"
"11176","AA389","9"
"11176","AA390","5"
"11176","AA391","2"
"11176","AA392","1"
"11176","AA393","1"
"11176","AA394","5"
"11176","AA395","9"
"11176","AA396","3"
"11175","AA386","5"
"11175","AA387","6"
"11175","AA388","2"
"11175","AA389","1"
"11175","AA390","8"
"11175","AA391","5"
"11175","AA392","4"
"11175","AA393","2"
"11175","AA394","1"
"11175","AA395","3"
"11175","AA396","6"
"11174","AA374","6"
"11174","AA375","7"
"11174","AA376","9"
"11174","AA377","5"
"11174","AA378","8"
"11174","AA379","5"
"11174","AA380","7"
"11174","AA381","2"
"11174","AA382","7"
"11174","AA383","1"
"11174","AA384","3"
"11173","AA374","3"
"11173","AA375","9"
"11173","AA376","4"
"11173","AA377","6"
"11173","AA378","8"
"11173","AA379","5"
"11173","AA380","9"
"11173","AA381","7"
"11173","AA382","6"
"11173","AA383","4"
"11173","AA384","2"
"11172","AA362","1"
"11172","AA363","2"
"11172","AA364","3"
"11172","AA365","4"
"11172","AA366","5"
"11172","AA367","9"
"11172","AA368","7"
"11172","AA369","5"
"11172","AA370","7"
"11172","AA371","9"
"11172","AA372","6"
"11171","AA362","4"
"11171","AA363","6"
"11171","AA364","8"
"11171","AA365","9"
"11171","AA366","7"
"11171","AA367","5"
"11171","AA368","8"
"11171","AA369","2"
"11171","AA370","6"
"11171","AA371","4"
"11171","AA372","9"
"11170","AA350","7"
"11170","AA351","2"
"11170","AA352","8"
"11170","AA353","1"
"11170","AA354","8"
"11170","AA355","6"
"11170","AA356","9"
"11170","AA357","4"
"11170","AA358","8"
"11170","AA359","2"
"11170","AA360","8"
"11169","AA350","2"
"11169","AA351","4"
"11169","AA352","8"
"11169","AA353","5"
"11169","AA354","7"
"11169","AA355","3"
"11169","AA356","1"
"11169","AA357","8"
"11169","AA358","3"
"11169","AA359","1"
"11169","AA360","5"
"11168","AA338","6"
"11168","AA339","9"
"11168","AA340","8"
"11168","AA341","2"
"11168","AA342","3"
"11168","AA343","4"
"11168","AA344","3"
"11168","AA345","5"
"11168","AA346","6"
"11168","AA347","3"
"11168","AA348","1"
"11167","AA338","7"
"11167","AA339","8"
"11167","AA340","5"
"11167","AA341","3"
"11167","AA342","2"
"11167","AA343","4"
"11167","AA344","6"
"11167","AA345","9"
"11167","AA346","7"
"11167","AA347","5"
"11167","AA348","4"
"11166","AA326","1"
"11166","AA327","8"
"11166","AA328","6"
"11166","AA329","9"
"11166","AA330","4"
"11166","AA331","6"
"11166","AA332","7"
"11166","AA333","8"
"11166","AA334","6"
"11166","AA335","1"
"11166","AA336","9"
"11165","AA326","4"
"11165","AA327","5"
"11165","AA328","8"
"11165","AA329","6"
"11165","AA330","2"
"11165","AA331","1"
"11165","AA332","4"
"11165","AA333","3"
"11165","AA334","1"
"11165","AA335","5"
"11165","AA336","9"
"11164","AA314","6"
"11164","AA315","9"
"11164","AA316","8"
"11164","AA317","1"
"11164","AA318","8"
"11164","AA319","7"
"11164","AA320","5"
"11164","AA321","4"
"11164","AA322","5"
"11164","AA323","8"
"11164","AA324","7"
"11163","AA314","5"
"11163","AA315","8"
"11163","AA316","3"
"11163","AA317","6"
"11163","AA318","4"
"11163","AA319","5"
"11163","AA320","3"
"11163","AA321","2"
"11163","AA322","4"
"11163","AA323","1"
"11163","AA324","5"
"11162","AA302","6"
"11162","AA303","4"
"11162","AA304","7"
"11162","AA305","8"
"11162","AA306","2"
"11162","AA307","3"
"11162","AA308","1"
"11162","AA309","5"
"11162","AA310","4"
"11162","AA311","9"
"11162","AA312","7"
"11161","AA302","5"
"11161","AA303","7"
"11161","AA304","9"
"11161","AA305","3"
"11161","AA306","8"
"11161","AA307","5"
"11161","AA308","4"
"11161","AA309","2"
"11161","AA310","1"
"11161","AA311","5"
"11161","AA312","9"
"11160","AA290","5"
"11160","AA291","4"
"11160","AA292","5"
"11160","AA293","5"
"11160","AA294","7"
"11160","AA295","9"
"11160","AA296","8"
"11160","AA297","7"
"11160","AA298","5"
"11160","AA299","8"
"11160","AA300","7"
"11159","AA290","1"
"11159","AA291","3"
"11159","AA292","5"
"11159","AA293","1"
"11159","AA294","5"
"11159","AA295","7"
"11159","AA296","8"
"11159","AA297","5"
"11159","AA298","9"
"11159","AA299","5"
"11159","AA300","2"
"11158","AA278","5"
"11158","AA279","2"
"11158","AA280","4"
"11158","AA281","7"
"11158","AA282","8"
"11158","AA283","5"
"11158","AA284","9"
"11158","AA285","3"
"11158","AA286","4"
"11158","AA287","5"
"11158","AA288","2"
"11157","AA278","7"
"11157","AA279","9"
"11157","AA280","5"
"11157","AA281","2"
"11157","AA282","1"
"11157","AA283","1"
"11157","AA284","5"
"11157","AA285","9"
"11157","AA286","3"
"11157","AA287","4"
"11157","AA288","5"
"11156","AA266","5"
"11156","AA267","8"
"11156","AA268","6"
"11156","AA269","2"
"11156","AA270","4"
"11156","AA271","2"
"11156","AA272","1"
"11156","AA273","3"
"11156","AA274","6"
"11156","AA275","5"
"11156","AA276","8"
"11155","AA266","9"
"11155","AA267","8"
"11155","AA268","1"
"11155","AA269","8"
"11155","AA270","7"
"11155","AA271","5"
"11155","AA272","4"
"11155","AA273","5"
"11155","AA274","8"
"11155","AA275","7"
"11155","AA276","4"
"11154","AA254","8"
"11154","AA255","3"
"11154","AA256","6"
"11154","AA257","4"
"11154","AA258","5"
"11154","AA259","3"
"11154","AA260","2"
"11154","AA261","4"
"11154","AA262","1"
"11154","AA263","5"
"11154","AA264","6"
"11153","AA254","4"
"11153","AA255","7"
"11153","AA256","8"
"11153","AA257","2"
"11153","AA258","3"
"11153","AA259","1"
"11153","AA260","5"
"11153","AA261","4"
"11153","AA262","9"
"11153","AA263","7"
"11153","AA264","5"
"11152","AA242","7"
"11152","AA243","9"
"11152","AA244","3"
"11152","AA245","8"
"11152","AA246","5"
"11152","AA247","4"
"11152","AA248","2"
"11152","AA249","1"
"11152","AA250","5"
"11152","AA251","9"
"11152","AA252","6"
"11151","AA242","4"
"11151","AA243","5"
"11151","AA244","5"
"11151","AA245","7"
"11151","AA246","9"
"11151","AA247","8"
"11151","AA248","7"
"11151","AA249","5"
"11151","AA250","8"
"11151","AA251","7"
"11151","AA252","5"
"11150","AA230","3"
"11150","AA231","5"
"11150","AA232","1"
"11150","AA233","5"
"11150","AA234","7"
"11150","AA235","8"
"11150","AA236","5"
"11150","AA237","9"
"11150","AA238","5"
"11150","AA239","2"
"11150","AA240","5"
"11149","AA230","2"
"11149","AA231","4"
"11149","AA232","7"
"11149","AA233","8"
"11149","AA234","5"
"11149","AA235","9"
"11149","AA236","3"
"11149","AA237","4"
"11149","AA238","5"
"11149","AA239","2"
"11149","AA240","1"
"11148","AA218","9"
"11148","AA219","5"
"11148","AA220","2"
"11148","AA221","1"
"11148","AA222","1"
"11148","AA223","5"
"11148","AA224","9"
"11148","AA225","3"
"11148","AA226","4"
"11148","AA227","5"
"11148","AA228","5"
"11147","AA218","1"
"11147","AA219","8"
"11147","AA220","5"
"11147","AA221","4"
"11147","AA222","2"
"11147","AA223","1"
"11147","AA224","3"
"11147","AA225","6"
"11147","AA226","5"
"11147","AA227","8"
"11147","AA228","7"
"11146","AA206","4"
"11146","AA207","5"
"11146","AA208","9"
"11146","AA209","7"
"11146","AA210","2"
"11146","AA211","7"
"11146","AA212","1"
"11146","AA213","3"
"11146","AA214","5"
"11146","AA215","6"
"11146","AA216","2"
"11145","AA206","1"
"11145","AA207","2"
"11145","AA208","5"
"11145","AA209","6"
"11145","AA210","7"
"11145","AA211","8"
"11145","AA212","9"
"11145","AA213","5"
"11145","AA214","6"
"11145","AA215","2"
"11145","AA216","3"
"11144","AA194","8"
"11144","AA195","5"
"11144","AA196","8"
"11144","AA197","2"
"11144","AA198","4"
"11144","AA199","5"
"11144","AA200","6"
"11144","AA201","8"
"11144","AA202","9"
"11144","AA203","2"
"11144","AA204","3"
"11143","AA194","9"
"11143","AA195","7"
"11143","AA196","5"
"11143","AA197","4"
"11143","AA198","6"
"11143","AA199","5"
"11143","AA200","6"
"11143","AA201","4"
"11143","AA202","7"
"11143","AA203","6"
"11143","AA204","7"
"11142","AA182","1"
"11142","AA183","3"
"11142","AA184","4"
"11142","AA185","9"
"11142","AA186","8"
"11142","AA187","7"
"11142","AA188","6"
"11142","AA189","7"
"11142","AA190","8"
"11142","AA191","5"
"11142","AA192","8"
"11141","AA182","5"
"11141","AA183","5"
"11141","AA184","4"
"11141","AA185","9"
"11141","AA186","7"
"11141","AA187","3"
"11141","AA188","2"
"11141","AA189","1"
"11141","AA190","5"
"11141","AA191","3"
"11141","AA192","5"
"11140","AA170","2"
"11140","AA171","8"
"11140","AA172","6"
"11140","AA173","7"
"11140","AA174","5"
"11140","AA175","9"
"11140","AA176","7"
"11140","AA177","2"
"11140","AA178","5"
"11140","AA179","6"
"11140","AA180","3"
"11139","AA170","5"
"11139","AA171","6"
"11139","AA172","4"
"11139","AA173","8"
"11139","AA174","6"
"11139","AA175","3"
"11139","AA176","2"
"11139","AA177","1"
"11139","AA178","2"
"11139","AA179","4"
"11139","AA180","5"
"11138","AA158","8"
"11138","AA159","5"
"11138","AA160","6"
"11138","AA161","3"
"11138","AA162","2"
"11138","AA163","1"
"11138","AA164","5"
"11138","AA165","8"
"11138","AA166","9"
"11138","AA167","5"
"11138","AA168","9"
"11137","AA158","8"
"11137","AA159","5"
"11137","AA160","9"
"11137","AA161","7"
"11137","AA162","6"
"11137","AA163","4"
"11137","AA164","2"
"11137","AA165","6"
"11137","AA166","7"
"11137","AA167","9"
"11137","AA168","5"
"11136","AA146","5"
"11136","AA147","9"
"11136","AA148","7"
"11136","AA149","5"
"11136","AA150","7"
"11136","AA151","9"
"11136","AA152","6"
"11136","AA153","3"
"11136","AA154","9"
"11136","AA155","4"
"11136","AA156","6"
"11135","AA146","7"
"11135","AA147","5"
"11135","AA148","8"
"11135","AA149","2"
"11135","AA150","6"
"11135","AA151","4"
"11135","AA152","9"
"11135","AA153","1"
"11135","AA154","2"
"11135","AA155","3"
"11135","AA156","4"
"11134","AA134","8"
"11134","AA135","6"
"11134","AA136","9"
"11134","AA137","4"
"11134","AA138","8"
"11134","AA139","2"
"11134","AA140","8"
"11134","AA141","4"
"11134","AA142","6"
"11134","AA143","8"
"11134","AA144","9"
"11133","AA134","7"
"11133","AA135","3"
"11133","AA136","1"
"11133","AA137","8"
"11133","AA138","3"
"11133","AA139","1"
"11133","AA140","5"
"11133","AA141","7"
"11133","AA142","2"
"11133","AA143","8"
"11133","AA144","1"
"11132","AA122","3"
"11132","AA123","4"
"11132","AA124","3"
"11132","AA125","5"
"11132","AA126","6"
"11132","AA127","3"
"11132","AA128","1"
"11132","AA129","2"
"11132","AA130","4"
"11132","AA131","8"
"11132","AA132","5"
"11131","AA122","2"
"11131","AA123","4"
"11131","AA124","6"
"11131","AA125","9"
"11131","AA126","7"
"11131","AA127","5"
"11131","AA128","4"
"11131","AA129","6"
"11131","AA130","9"
"11131","AA131","8"
"11131","AA132","2"
"11130","AA110","4"
"11130","AA111","6"
"11130","AA112","7"
"11130","AA113","8"
"11130","AA114","6"
"11130","AA115","1"
"11130","AA116","9"
"11130","AA117","7"
"11130","AA118","8"
"11130","AA119","5"
"11130","AA120","3"
"11129","AA110","3"
"11129","AA111","1"
"11129","AA112","4"
"11129","AA113","3"
"11129","AA114","1"
"11129","AA115","5"
"11129","AA116","9"
"11129","AA117","1"
"11129","AA118","8"
"11129","AA119","6"
"11129","AA120","9"
"11128","AA098","7"
"11128","AA099","5"
"11128","AA100","4"
"11128","AA101","5"
"11128","AA102","8"
"11128","AA103","7"
"11128","AA104","4"
"11128","AA105","5"
"11128","AA106","8"
"11128","AA107","6"
"11128","AA108","2"
"11127","AA098","5"
"11127","AA099","3"
"11127","AA100","2"
"11127","AA101","4"
"11127","AA102","1"
"11127","AA103","5"
"11127","AA104","6"
"11127","AA105","9"
"11127","AA106","8"
"11127","AA107","1"
"11127","AA108","8"
"11126","AA085","3"
"11126","AA086","1"
"11126","AA087","5"
"11126","AA088","4"
"11126","AA089","9"
"11126","AA090","7"
"11126","AA091","5"
"11126","AA092","8"
"11126","AA093","3"
"11126","AA094","6"
"11126","AA095","4"
"11125","AA085","5"
"11125","AA086","4"
"11125","AA087","2"
"11125","AA088","1"
"11125","AA089","5"
"11125","AA090","9"
"11125","AA091","6"
"11125","AA092","4"
"11125","AA093","7"
"11125","AA094","8"
"11125","AA095","2"
"11124","AA073","9"
"11124","AA074","8"
"11124","AA075","7"
"11124","AA076","5"
"11124","AA077","8"
"11124","AA078","7"
"11124","AA079","5"
"11124","AA080","7"
"11124","AA081","9"
"11124","AA082","3"
"11124","AA083","8"
"11123","AA073","7"
"11123","AA074","8"
"11123","AA075","5"
"11123","AA076","9"
"11123","AA077","5"
"11123","AA078","2"
"11123","AA079","5"
"11123","AA080","4"
"11123","AA081","5"
"11123","AA082","5"
"11123","AA083","7"
"11122","AA061","5"
"11122","AA062","9"
"11122","AA063","3"
"11122","AA064","4"
"11122","AA065","5"
"11122","AA066","2"
"11122","AA067","1"
"11122","AA068","3"
"11122","AA069","5"
"11122","AA070","1"
"11122","AA071","5"
"11121","AA061","1"
"11121","AA062","5"
"11121","AA063","9"
"11121","AA064","3"
"11121","AA065","4"
"11121","AA066","5"
"11121","AA067","5"
"11121","AA068","2"
"11121","AA069","4"
"11121","AA070","7"
"11121","AA071","8"
"11120","AA049","2"
"11120","AA050","1"
"11120","AA051","3"
"11120","AA052","6"
"11120","AA053","5"
"11120","AA054","8"
"11120","AA055","7"
"11120","AA056","9"
"11120","AA057","5"
"11120","AA058","2"
"11120","AA059","1"
"11119","AA049","2"
"11119","AA050","7"
"11119","AA051","1"
"11119","AA052","3"
"11119","AA053","5"
"11119","AA054","6"
"11119","AA055","2"
"11119","AA056","1"
"11119","AA057","8"
"11119","AA058","5"
"11119","AA059","4"
"11118","AA037","7"
"11118","AA038","8"
"11118","AA039","9"
"11118","AA040","5"
"11118","AA041","6"
"11118","AA042","2"
"11118","AA043","3"
"11118","AA044","4"
"11118","AA045","5"
"11118","AA046","9"
"11118","AA047","7"
"11117","AA037","4"
"11117","AA038","5"
"11117","AA039","6"
"11117","AA040","8"
"11117","AA041","9"
"11117","AA042","2"
"11117","AA043","3"
"11117","AA044","1"
"11117","AA045","2"
"11117","AA046","5"
"11117","AA047","6"
"11116","AA025","6"
"11116","AA026","5"
"11116","AA027","6"
"11116","AA028","4"
"11116","AA029","7"
"11116","AA030","6"
"11116","AA031","7"
"11116","AA032","8"
"11116","AA033","5"
"11116","AA034","8"
"11116","AA035","2"
"11115","AA025","8"
"11115","AA026","7"
"11115","AA027","6"
"11115","AA028","7"
"11115","AA029","8"
"11115","AA030","5"
"11115","AA031","8"
"11115","AA032","9"
"11115","AA033","7"
"11115","AA034","5"
"11115","AA035","4"
"11114","AA013","7"
"11114","AA014","3"
"11114","AA015","2"
"11114","AA016","1"
"11114","AA017","5"
"11114","AA018","3"
"11114","AA019","5"
"11114","AA020","1"
"11114","AA021","3"
"11114","AA022","4"
"11114","AA023","9"
"11113","AA013","5"
"11113","AA014","9"
"11113","AA015","7"
"11113","AA016","2"
"11113","AA017","5"
"11113","AA018","6"
"11113","AA019","3"
"11113","AA020","5"
"11113","AA021","5"
"11113","AA022","4"
"11113","AA023","9"
"11112","AA001","6"
"11112","AA002","3"
"11112","AA003","2"
"11112","AA004","1"
"11112","AA005","2"
"11112","AA006","4"
"11112","AA007","5"
"11112","AA008","2"
"11112","AA009","8"
"11112","AA010","6"
"11112","AA011","7"
"11111","AA001","4"
"11111","AA002","1"
"11111","AA003","5"
"11111","AA004","8"
"11111","AA005","9"
"11111","AA006","5"
"11111","AA007","9"
"11111","AA008","5"
"11111","AA009","6"
"11111","AA010","4"
"11111","AA011","8"
